{
  "NAME":"AI_me_p3",
  "TOKEN" : "8101134998:AAGLeatZkJiG2pmGuu7sTopI2SnLPEDz-5w",
  "CHAT_ID":"-1001907320116",
  "TOPIC_ID":"42764",
  "GIF":["https://media0.giphy.com/media/v1.Y2lkPTc5MGI3NjExZGNqcTVhbXVvdGZzeHY4d3ppdGhvdjE2ZGhsb24wY2E0MWU4dDJjMiZlcD12MV9pbnRlcm5hbF9naWZfYnlfaWQmY3Q9Zw/pTPJrllJpnmsADz02f/giphy.gif",
        "https://media.giphy.com/media/v1.Y2lkPTc5MGI3NjExNXdsMGFwbGN2b25tcjl0czZwMWhkOGdxMzJ1dWljcm9ocTE5NnI0dCZlcD12MV9naWZzX3NlYXJjaCZjdD1n/lJNoBCvQYp7nq/giphy.gif",
        "https://media1.giphy.com/media/v1.Y2lkPTc5MGI3NjExamYzaW5zM3l4cGptc3d3bnZhYXJocTB1ZnRkMDVnYjQ0Z3ZqYzlrMyZlcD12MV9pbnRlcm5hbF9naWZfYnlfaWQmY3Q9Zw/uIGfoVAK9iU1y/giphy.gif"],
  "GIF_NAME":["INICIO",
              "FIN",
              "ERROR"],
  "STATUS" :"Development",
  "LIST_STATUS": ["Development","Testing","Production"]
}

