{
  "responsabilidadss_social": [
    "responsabilidad social",
    "ESR",
    "esr",
    "socialmente",
    "empatica",
    "causas"
  ],
  "deporte": [
    "estadio",
    "futbol",
    "partido",
    "semifinal",
    "final",
    "cancha",
    "torneo",
    "sanarate",
    "palermo",
    "comunicaciones"
  ],
  "inovacion_economica": [
    "inovar",
    "innova",
    "tecnologia",
    "progreso x",
    "inovacion",
    "tecnologico"
  ],
  "adn_progreso": [
    "familiaprogreso",
    "familia progreso",
    "adnprogreso",
    "adn progreso",
    "great place to work",
    "premio",
    "legado",
    "corporativo"
  ],
  "sostenibilidad": [
    "reciclaje",
    "sostenibilidad",
    "ecologicos",
    "residuos",
    "verde",
    "sustentable",
    "huella de carbono",
    "carbono",
    "economia circular",
    "sustentabilidad"
  ],
  "expansion": [
    "expansion",
    "el salvador",
    "costa rica"
  ]
}