{
    "cookie":[
    {
        "domain": ".linkedin.com",
        "expirationDate": 1728330933.425457,
        "hostOnly": False,
        "httpOnly": True,
        "name": "__cf_bm",
        "path": "/",
        "sameSite": "no_restriction",
        "secure": True,
        "session": False,
        "storeId": "0",
        "value": "TXI0Y3txuifJfFTImCWbxQItdBiEqRNdqkt3ug8hr7U-1728329255-1.0.1.1-gP4Q0Qh9TVq3M__OSYmStAVwBGN71VIZ8kSacdmyoL2_Fqc.k8KF9JvXV_os824RyMDGMg5ElWe_PY8OVrBHuw",
        "id": 1
    }]
       
    }