{
  "columna_post": [
    "time",
    "Red",
    "url",
    "text",
    "pageName",
    "likes",
    "Tipo de Mencion",
    "comments",
    "shares"
  ],
  "rename_columna_post": {
    "url": "Link",
    "pageName": "Autor",
    "likes": "Likes",
    "comments": "Numero de Comentarios",
    "time": "date"
  },
  "columna_comment": [
    "date",
    "Red",
    "facebookUrl",
    "text",
    "profileName",
    "likesCount",
    "Tipo de Mencion",
    "Numero de Comentarios",
    "inputUrl"
  ],
  "rename_columna_comment": {
    "facebookUrl": "Link",
    "profileName": "Autor",
    "likesCount": "Likes",
    "inputUrl": "origen"
  },
  "columna_hashtag": [
    "date",
    "Red",
    "Tipo de Mencion",
    "Autor",
    "url",
    "text",
    "hashtag",
    "likesCount",
    "commentsCount",
    "sharesCount",
    "viewsCount"
  ],
  "rename_columna_hashtag": {
    "url": "Link",
    "likesCount": "Likes",
    "commentsCount": "Numero de Comentarios",
    "sharesCount": "shares",
    "viewsCount": "vistas"
  },
  "columna_comment_h": [
    "date",
    "Red",
    "commentUrl",
    "text",
    "profileName",
    "likesCount",
    "Tipo de Mencion",
    "commentsCount",
    "inputUrl"
  ],
  "rename_columna_comment_h": {
    "commentUrl": "Link",
    "profileName": "Autor",
    "likesCount": "Likes",
    "commentsCount": "Numero de Comentarios",
    "inputUrl": "Origen"
  }
}
