UrlProfilesFacebook,UrlProfilesInstagram,UrlProfilesTiktok,Hashtag Facebook,Hashtag Instagram,Hashtag Tiktok,SearchTiktok,UrlProfilesLinkedIn,UrlTripAdvisor,SearchPerSiteTripAdvisor
https://www.facebook.com/ProgresoLatam/?brand_redir=195720037195786&locale=es_LA,https://www.instagram.com/progreso_latam/,,ProgresoEnTodoLoQueHacemos,CementosProgreso,CementosProgreso,,https://www.linkedin.com/in/josemigueltorrebiarte/,https://www.tripadvisor.com.mx/Tourism-g35805-Chicago_Illinois-Vacations.html,California
https://www.facebook.com/AgrecaGuatemala,https://www.instagram.com/agroprogresogt/,,SomosAgreca,ProgresoEnTodoLoQueHacemos,AgrecaGuatemala,,https://www.linkedin.com/in/joseraulgonzalezmerlo/,https://www.tripadvisor.com.mx/Tourism-g150800-Mexico_City_Central_Mexico_and_Gulf_Coast-Vacations.html,Manhattan
,,,,,,,,,
,,,,,,,,,
,,,,,,,,,
,,,,,,,,,
,,,,,,,,,
,,,,,,,,,
,,,,,,,,,
,,,,,,,,,
,,,,,,,,,
,,,,,,,,,
,,,,,,,,,
,,,,,,,,,
