{
    "Progreso": [
        "Progreso_X",
        "Progreso",
        "cementos progreso",
        "ProgresoLatam",
        "Progreso_Latam",
        "ProgresoEnTodoLoQueHacemos",
        "Progreso_Latam",
        "progreso_latam",
        "progreso_x"
    ],
    "Cemex": [
        "cemex",
        "cemexmx",
        "CEMEX",
        "cemexmx"
    ],
    "Argos": [
        "cementosargos",
        "Argos",
        "cementos_argos"
    ],
    "Holcim": [
        "Holcim"
    ],
    "ultracem": [
        "Ultracem"
    ],
    "Construfácil Guatemala - Oficial": [
        "Construfácil Guatemala - Oficial",
        "Construfácil_guatemala"
    ],
    "San Miguel Río Abajo": [
        "San Miguel Río Abajo",
        "sanmiguelrioabajogt"
    ],
    "Finca El Pilar": [
        "Finca El Pilar",
        "fincaelpilargt"
    ],
    "Agrobosques": [
        "Agrobosques",
        "agrobosquesgt"
    ],
    "Mixto Listo": [
        "Mixto Listo"
    ],
    "AgroProgreso": [
        "AgroProgreso",
        "agroprogresogt"
    ],
    "Agreca Guatemala": [
        "Agreca Guatemala"
    ],
    "Horcalsa Oficial": [
        "Horcalsa Oficial",
        "horcalsaoficial"
    ]
}